Country,Date,Holiday,Bank Holiday,Notes
CA,2028-01-01,New Year's Day,No,Saturday
US,2028-01-01,New Year's Day,No,Saturday
CA,2028-01-03,New Year's Day (observed),Yes,Jan 1 is a Saturday
US,2028-01-17,Martin Luther King Jr. Day,Yes,
CA,2028-02-21,Family Day,Regional,"AB, BC, NB, ON, SK; also Louis Riel Day (MB), Islander Day (PE), Heritage Day (NS). Payments Canada open; many banks closed in these provinces"
US,2028-02-21,Presidents' Day (Washington's Birthday),Yes,
CA,2028-04-14,Good Friday,Yes,
US,2028-04-14,Good Friday,No,Not a federal holiday; stock markets closed
CA,2028-04-17,Easter Monday,No,Federal government holiday; banks generally open
CA,2028-05-22,Victoria Day,Yes,National Patriots' Day in Quebec
US,2028-05-29,Memorial Day,Yes,
US,2028-06-19,Juneteenth,Yes,
CA,2028-06-24,Saint-Jean-Baptiste Day (Fete nationale),No,Saturday
CA,2028-07-01,Canada Day,No,Saturday
CA,2028-07-03,Canada Day (observed),Yes,Jul 1 is a Saturday
US,2028-07-04,Independence Day,Yes,
CA,2028-08-07,Civic Holiday,Yes,"Name varies (BC Day, Heritage Day, NB Day, Natal Day); not a holiday in Quebec"
CA,2028-08-21,Discovery Day,Regional,Yukon only
CA,2028-09-04,Labour Day,Yes,
US,2028-09-04,Labor Day,Yes,
CA,2028-09-30,National Day for Truth and Reconciliation,No,Saturday
CA,2028-10-02,National Day for Truth and Reconciliation (observed),Yes,Sep 30 is a Saturday
CA,2028-10-09,Thanksgiving Day,Yes,
US,2028-10-09,Columbus Day / Indigenous Peoples' Day,Yes,Stock markets open
US,2028-11-10,Veterans Day (observed),No,"November 11 is a Saturday; federal offices closed, Fed Banks open"
CA,2028-11-11,Remembrance Day,No,Saturday
US,2028-11-11,Veterans Day,No,Saturday
CA,2028-11-13,Remembrance Day (observed),Yes,Nov 11 is a Saturday
US,2028-11-23,Thanksgiving Day,Yes,
CA,2028-12-25,Christmas Day,Yes,
US,2028-12-25,Christmas Day,Yes,
CA,2028-12-26,Boxing Day,Yes,
